district_id,cycle,incumb_status,incumbent_name,challenger_name
AK-00,2026,Challenger,"BEGICH, NICHOLAS III","PELTOLA, MARY"
AL-01,2026,Open,,"JONES, CLYDE W MR. JR"
AL-02,2026,Incumbent,"FIGURES, SHOMARI C.","MARQUES, RHETT"
AL-03,2026,Challenger,"ROGERS, MICHAEL","MCINNIS, VICTOR LEE"
AL-04,2026,Challenger,"ADERHOLT, ROBERT B. REP.","PUSCZEK, AMANDA NOELLE"
AL-05,2026,Challenger,"STRONG, DALE WHITNEY","SNEED, ANDREW RANKIN GUYTON"
AL-06,2026,Challenger,"PALMER, GARY","ANDERSON, ELIZABETH"
AL-07,2026,Incumbent,"SEWELL, TERRI A.","LITAKER, ROBIN DR."
AR-01,2026,Challenger,"CRAWFORD, ERIC ALAN RICK","GREEN, TERRI YARBROUGH DR."
AR-02,2026,Challenger,"HILL, JAMES FRENCH","JONES, CHRIS"
AR-03,2026,Challenger,"WOMACK, STEPHEN A THE HON","RYERSE, ROBB"
AR-04,2026,Challenger,"COTTON, THOMAS","HOWARD, RISI"
AS-00,2026,Open,,
AZ-01,2026,Open,,"TREBLE, JONATHAN"
AZ-02,2026,Challenger,"CRANE, ELI","NEZ, JONATHAN MICHAEL"
AZ-03,2026,Incumbent,"GALLEGO, RUBEN","ZINK, JEFFREY NELSON MR"
AZ-04,2026,Incumbent,"STANTON, GREG","DAVISON, JERONE"
AZ-05,2026,Open,,"JAMES, CHRISTOPHER LEE"
AZ-06,2026,Challenger,"CISCOMANI, JUAN","MENDOZA, JOANNA"
AZ-07,2026,Incumbent,"GRIJALVA, ADELITA","BUTIEREZ, DANIEL"
AZ-08,2026,Challenger,"HAMADEH, ABRAHAM","GREENE PLACENTIA, BERNADETTE"
AZ-09,2026,Incumbent,"SINEMA, KYRSTEN","GOSAR, PAUL DR."
CA-01,2026,Challenger,"LAMALFA, DOUG","MCGUIRE, MIKE"
CA-02,2026,Incumbent,"HUFFMAN, JARED","GEIST, TIMOTHY DAVID MR"
CA-03,2026,Incumbent,"BERA, AMERISH","TUCKER, ROBB"
CA-04,2026,Challenger,"RIEHLE, RAYMOND","JONES, ERIC"
CA-05,2026,Challenger,"MCCLINTOCK, THOMAS","MASUDA, MICHAEL"
CA-06,2026,Challenger,"STANSFIELD, MICHAEL","HO, THIEN"
CA-07,2026,Incumbent,"MATSUI, DORIS","MING, KATHRYN S"
CA-08,2026,Incumbent,"GARAMENDI, JOHN","RECILE, RUDY"
CA-09,2026,Incumbent,"HARDER, JOSH","MCBRIDE, JOHN"
CA-10,2026,Incumbent,"DESAULNIER, MARK","DENHAM, JEFF"
CA-11,2026,Incumbent,"PELOSI, NANCY","SHARMA, NISHA"
CA-12,2026,Incumbent,"SIMON, LATEEFAH",
CA-13,2026,Incumbent,"GRAY, ADAM C.","KRUTTIVENTI, VIN"
CA-14,2026,Open,,"ISRANI, RAKHI"
CA-15,2026,Incumbent,"MULLIN, KEVIN","KRAMER, ANNA"
CA-16,2026,Incumbent,"LICCARDO, SAM T.","OHTAKI, PETER I"
CA-17,2026,Incumbent,"KHANNA, ROHIT","TANDON, RITESH"
CA-18,2026,Incumbent,"LOFGREN, ZOE","LEWIS, SHANE"
CA-19,2026,Incumbent,"PANETTA, JIMMY","VERBICA, PETER COE"
CA-20,2026,Challenger,"MCCARTHY, KEVIN","ROPER, CAROL KRISTINA"
CA-21,2026,Incumbent,"COSTA, JIM","RIOS, LORENZO"
CA-22,2026,Challenger,"VALADAO, DAVID","VILLEGAS, RANDY"
CA-23,2026,Challenger,"OBERNOLTE, JAY","CHAKALIAN, PAUL"
CA-24,2026,Incumbent,"CARBAJAL, SALUD O.","SMITH, ROBERT BOB J"
CA-25,2026,Incumbent,"RUIZ, RAUL DR.","MALES, JOE"
CA-26,2026,Incumbent,"BROWNLEY, JULIA","GALLUCCI, SAMUEL"
CA-27,2026,Incumbent,"WHITESIDES, GEORGE","GIBBS, JASON"
CA-28,2026,Incumbent,"CHU, JUDY","VERLATO, APRIL"
CA-29,2026,Incumbent,"RIVAS, LUZ","CARRANZA, MARGARITA MARIA"
CA-30,2026,Incumbent,"SCHIFF, ADAM","MEYERS, SCOTT ALAN"
CA-31,2026,Challenger,"CHING, ERIC J","CISNEROS, GILBERT"
CA-32,2026,Incumbent,"SHERMAN, BRAD","THOMPSON, LARRY"
CA-33,2026,Incumbent,"AGUILAR, PETE","WEEMS, EUGENE LAMONTE"
CA-34,2026,Incumbent,"BECERRA, XAVIER",
CA-35,2026,Incumbent,"TORRES, NORMA","CARGILE, MIKE"
CA-36,2026,Incumbent,"LIEU, TED","TOOMIM, LEAH MELISSA"
CA-37,2026,Incumbent,"KAMLAGER-DOVE, SYDNEY",
CA-38,2026,Challenger,,"SOLIS, HILDA"
CA-39,2026,Incumbent,"TAKANO, MARK","SERPA, DAVID"
CA-40,2026,Challenger,"KIM, YOUNG","VARET, ESTHER KIM"
CA-41,2026,Incumbent,"SANCHEZ, LINDA","SHEPHERD, DOUG"
CA-42,2026,Incumbent,"GARCIA, ROBERT","BURLEY, BRIAN J MR."
CA-43,2026,Incumbent,"WATERS, MAXINE MS",
CA-44,2026,Incumbent,"BARRAGAN, NANETTE","ANGEL, GENEVIEVE"
CA-45,2026,Incumbent,"TRAN, DEREK","STEEL, MICHELLE"
CA-46,2026,Incumbent,"CORREA, LOU","PAN, DAVID"
CA-47,2026,Incumbent,"MIN, DAVE","MAXSENTI, MICHAEL"
CA-48,2026,Open,,"RIKER, BRANDON"
CA-49,2026,Incumbent,"LEVIN, MIKE","PARKER, STAR L"
CA-50,2026,Incumbent,"PETERS, SCOTT",
CA-51,2026,Incumbent,"JACOBS, SARA","WELLS, BILL D."
CA-52,2026,Incumbent,"VARGAS, JUAN C.","BELLE, JEFFERY MR"
CA-53,2026,Open,,"KUTNER, ERIC ROGER"
CO-01,2026,Incumbent,"DEGETTE, DIANA L","ARCHULETA, VALDAMAR"
CO-02,2026,Incumbent,"NEGUSE, JOSEPH","DAWSON, MARSHALL"
CO-03,2026,Challenger,"HURD, JEFFREY","KELLOFF, ALEXANDER GEORGE"
CO-04,2026,Challenger,"BOEBERT, LAUREN","LAUBACHER, EILEEN"
CO-05,2026,Challenger,"CRANK, JEFF","KILLIN, JESSICA WILLOW"
CO-06,2026,Incumbent,"CROW, JASON","TEWAHADE, BEMELEKOT W"
CO-07,2026,Incumbent,"PETTERSEN, BRITTANY LOUISE","BENNETT, TIMOTHY"
CO-08,2026,Challenger,"EVANS, TIMOTHY GABRIEL JOSEPH","RUTINEL, MANNY"
CT-01,2026,Incumbent,"LARSON, JOHN B","CHAI, AMY FOGELSTROM DR"
CT-02,2026,Incumbent,"COURTNEY, JOSEPH","FRANCE, MIKE"
CT-03,2026,Incumbent,"DELAURO, ROSA L","LANCIA, CHRISTOPHER JOHN MR."
CT-04,2026,Incumbent,"HIMES, JIM","MIRESSI, DANIEL"
CT-05,2026,Incumbent,"HAYES, JAHANA","SHEA, CHRIS"
DC-00,2026,Open,,"PINTO, BROOKE"
DE-00,2026,Incumbent,"MCBRIDE, SARAH ELIZABETH","HALL, DONYALE LONDON"
FL-01,2026,Challenger,"PATRONIS, JIMMY JR.","VALIMONT, JENNIFER GAY"
FL-02,2026,Open,,"ZATESLO, NICHOLAS"
FL-03,2026,Challenger,"CAMMACK, KAT","HARP, SETH ALLAN"
FL-04,2026,Challenger,"BEAN, AARON P.","KIRWAN, MICHAEL"
FL-05,2026,Challenger,"RUTHERFORD, JOHN","GRAGE, RACHEL"
FL-06,2026,Challenger,"FINE, RANDY","WEIL, JOSHUA JOSEPH"
FL-07,2026,Challenger,"MILLS, CORY","DALTON, BALE"
FL-08,2026,Challenger,"HARIDOPOLOS, MIKE","JENKINS, JENNIFER"
FL-09,2026,Incumbent,"SOTO, DARREN","CHALIFOUX, THOMAS E. COLONEL JR."
FL-10,2026,Incumbent,"FROST, MAXWELL ALEJANDRO","MONTAGUE, WILLIE"
FL-11,2026,Open,,"HALL, BARBARA BARBIE HARDEN"
FL-12,2026,Challenger,"BILIRAKIS, GUS M","MCAULEY, DARREN"
FL-13,2026,Challenger,"PAULINA LUNA, ANNA","FORD, EARLE"
FL-14,2026,Incumbent,"CASTOR, KATHY","ROCHFORD, ROBERT ANTHONY ROCKY CAPT"
FL-15,2026,Challenger,"LEE, LAUREL","PEOPLE, ROBERT"
FL-16,2026,Open,,"PEARSON, GLENN KEITH MR"
FL-17,2026,Challenger,"STEUBE, GREG","MONTAVON, MATTHEW"
FL-18,2026,Challenger,"FRANKLIN, SCOTT MR.","KALE, ANDREA DORIA"
FL-19,2026,Open,,"SAPP, HOWARD"
FL-20,2026,Incumbent,"WASSERMAN SCHULTZ, DEBBIE","JOSEPH, RODENAY MR."
FL-21,2026,Challenger,"MAST, BRIAN","MARTIN, JAMES"
FL-22,2026,Challenger,"CARBONARA, MICHAEL","DANDIYA, PIA"
FL-23,2026,Incumbent,"FRANKEL, LOIS J.","ADEIMY, DEBORAH"
FL-24,2026,Incumbent,"WILSON, FREDERICA S.","GONZALEZ, PATRICIA"
FL-25,2026,Incumbent,"MOSKOWITZ, JARED","HARRISON, RAVEN"
FL-26,2026,Challenger,"DIAZ-BALART, MARIO","LOCKLIN, NICOLE"
FL-27,2026,Challenger,"SALAZAR, MARIA ELVIRA","LAMONDIN, RICHARD"
FL-28,2026,Challenger,"GIMENEZ, CARLOS","EHR, PHIL"
GA-01,2026,Open,,"HOLLOWELL, AMANDA"
GA-02,2026,Incumbent,"BISHOP, SANFORD","DAY, MATT"
GA-03,2026,Challenger,"JACK, BRIAN","JOHNSON, GEORGE MELVILLE MR"
GA-04,2026,Incumbent,"JOHNSON, HENRY C. 'HANK'",
GA-05,2026,Incumbent,"WILLIAMS, NIKEMA N.","ZIMM, CHRISTIAN GERARD"
GA-06,2026,Incumbent,"MCBATH, LUCIA KAY MS.","PINKER, JUSTIN"
GA-07,2026,Challenger,"MCCORMICK, RICHARD DEAN DR.","KOZYCKI, ANTHONY LAWRENCE"
GA-08,2026,Challenger,"SCOTT, JAMES AUSTIN","ESTI, KELLY DR"
GA-09,2026,Challenger,"COUVILLON, SAM","ALEX, NICHOLAS FRANCIS MR."
GA-10,2026,Open,,"DOHERTY, ALEXANDRA"
GA-11,2026,Open,,"HARDEN, CHRISTOPHER MATTHEW"
GA-12,2026,Challenger,"ALLEN, RICHARD W","WOODSON, BRIANNA COURTNEY ESTELLE"
GA-13,2026,Challenger,,"CLARK, JASMINE"
GA-14,2026,Open,,"HARRIS, SHAWN"
GA-23,2026,Open,,
GU-00,2026,Challenger,"MOYLAN, JAMES C.","LIMTIACO, ALICIA ANNE GARRIDO"
HI-01,2026,Challenger,"CURTIS, RON","KEOHOKALOLE, JARRETT"
HI-02,2026,Incumbent,"TOKUDA, JILL NAOMI","AWA, BRENTON"
IA-01,2026,Challenger,"MILLER-MEEKS, MARIANNETTE JANE","BOHANNAN, CHRISTINA"
IA-02,2026,Open,,"JAMES, LINDSAY"
IA-03,2026,Challenger,"NUNN, ZACH","TRONE GARRIOTT, SARAH"
IA-04,2026,Open,,"DAWSON, DAVE"
ID-01,2026,Challenger,"FULCHER, RUSSELL","PETERSON, KAYLEE JADE"
ID-02,2026,Challenger,"SIMPSON, MICHAEL","WILEY, JULIE MARISA"
IL-01,2026,Incumbent,"JACKSON, JONATHAN","MAXWELL, CHRISTIAN"
IL-02,2026,Incumbent,"KELLY, ROBIN","COLEMAN, CALVIN"
IL-03,2026,Incumbent,"RAMIREZ, DELIA","OAKLEY, ANGEL"
IL-04,2026,Incumbent,"GARCIA, JESUS",
IL-05,2026,Incumbent,"QUIGLEY, MIKE",
IL-06,2026,Incumbent,"CASTEN, SEAN","CONFORTI, NIKI"
IL-07,2026,Open,,"FRIEDMAN, JASON"
IL-08,2026,Incumbent,"KRISHNAMOORTHI, S. RAJA","DAVIS, JENNIFER"
IL-09,2026,Open,,"ABUGHAZALEH, KATHERINE M."
IL-10,2026,Incumbent,"SCHNEIDER, BRADLEY S.","BENNETT, DOUGLAS R 1963"
IL-11,2026,Incumbent,"FOSTER, G. WILLIAM (BILL)","WALTER, JEFFREY D"
IL-12,2026,Challenger,"BOST, MICHAEL","COSTELLO, JERRY F"
IL-13,2026,Incumbent,"BUDZINSKI, NIKKI","WILSON, JEFF"
IL-14,2026,Incumbent,"UNDERWOOD, LAUREN","VICIAN, GARY"
IL-15,2026,Challenger,"MILLER, MARY","DAVIS, PAUL R DR. JR"
IL-16,2026,Challenger,"LAHOOD, DARIN MCKAY","NOLLEY, PAUL"
IL-17,2026,Incumbent,"SORENSEN, ERIC","VANCIL, DILLAN"
IL-18,2026,Open,,
IN-01,2026,Incumbent,"MRVAN, FRANK J.","REGNITZ, BARB"
IN-02,2026,Challenger,"YAKYM, RUDY C. III","DECIO, JAMEE MS."
IN-03,2026,Challenger,"BANKS, JAMES E HON.","THOMPSON, KELLY ELIZABETH"
IN-04,2026,Challenger,"BAIRD, JAMES R DR.","MACKEY, JOSEPH WILLIAM MR"
IN-05,2026,Challenger,"SPARTZ, VICTORIA","FORD, JAMES (J.D.) DAVID"
IN-06,2026,Challenger,"SHREVE, JEFFERSON","WIRTH, CYNTHIA (CINDE)"
IN-07,2026,Incumbent,"CARSON, ANDRE",
IN-08,2026,Challenger,"MESSMER, MARK MR.","ALLEN, MARY THERESA"
IN-09,2026,Challenger,"HOUCHIN, ERIN","PECK, TIMOTHY"
KS-00,2026,Open,,
KS-01,2026,Challenger,"MANN, TRACEY ROBERT","MCROBERTS, KENNETH COLIN"
KS-02,2026,Challenger,"SCHMIDT, DEREK","COOVER, DON"
KS-03,2026,Incumbent,"DAVIDS, SHARICE","REDDY, PRASANTH DR."
KS-04,2026,Challenger,"ESTES, RON","CARMICHAEL, CHRIS"
KY-01,2026,Challenger,"COMER, JAMES","WILLIAMS, JOHN ANDREW"
KY-02,2026,Challenger,"GUTHRIE, S. BRETT BRETT HON.","COMPTON, WILLIAM DAKOTA"
KY-03,2026,Incumbent,"MCGARVEY, MORGAN","RODRIGUEZ, MARIA TERESA"
KY-04,2026,Challenger,"MASSIE, THOMAS H.","STRANGE, MELISSA CLAIRE"
KY-05,2026,Challenger,"ROGERS, HAROLD DALLAS","PILLERSDORF, NED"
KY-06,2026,Open,,"DEMBO, ZACH"
LA-01,2026,Challenger,"SCALISE, STEVE MR","JEWETT, LAUREN"
LA-02,2026,Incumbent,"CARTER, TROY A. SR.","LYNCH, CHRISTY MS"
LA-03,2026,Challenger,"HIGGINS, CLAY CAPTAIN","DAY, JOHN DAVID"
LA-04,2026,Challenger,"JOHNSON, JAMES MICHAEL","GROMLICH, MATTHEW"
LA-05,2026,Open,,"MCKAY, DAN"
LA-06,2026,Incumbent,"FIELDS, CLEO","GRAVES, GARRET"
MA-01,2026,Incumbent,"NEAL, RICHARD E","BECH, NATHAN ALEXANDER"
MA-02,2026,Incumbent,"MCGOVERN, JAMES P","POWERS, KEVIN WILLIAM"
MA-03,2026,Incumbent,"TRAHAN, LORI","GROSSI, GARY J."
MA-04,2026,Incumbent,"AUCHINCLOSS, JAKE","BURNS, EMILY"
MA-05,2026,Incumbent,"CLARK, KATHERINE",
MA-06,2026,Incumbent,"MOULTON, SETH","JONES, MICAH Q."
MA-07,2026,Incumbent,"PRESSLEY, AYANNA",
MA-08,2026,Challenger,,"ROATH, PATRICK THOMAS"
MA-09,2026,Incumbent,"KEATING, WILLIAM R","MACALLISTER, ROBERT TYLER"
MD-01,2026,Challenger,"HARRIS, ANDREW P","SCHWARTZ, DANIEL"
MD-02,2026,Incumbent,"OLSZEWSKI, JOHN ANTHONY JR.","WALLACE, DAVID DRAIN II"
MD-03,2026,Incumbent,"ELFRETH, SARAH KELLY","FLOWERS, BERNARD"
MD-04,2026,Challenger,,"IVEY, GLENN FREDERICK"
MD-05,2026,Open,,"BAREEBE, QUINCY"
MD-06,2026,Challenger,"FICKER, ROBIN","TRONE, DAVID"
MD-07,2026,Incumbent,"MFUME, KWEISI",
MD-08,2026,Incumbent,"RASKIN, JAMIE","RILEY, CHERYL"
ME-01,2026,Incumbent,"PINGREE, CHELLIE M","RUSSELL, RONALD CHARLES MR."
ME-02,2026,Open,,"WOOD, JORDAN"
MI-01,2026,Challenger,"BERGMAN, JOHN","BARR, CALLIE"
MI-02,2026,Challenger,"MOOLENAAR, JOHN MR.","AMBROSE, BENJAMIN"
MI-03,2026,Incumbent,"SCHOLTEN, HILLARY","DEBOER, TERRI"
MI-04,2026,Challenger,"HUIZENGA, WILLIAM P","MCCANN, SEAN"
MI-05,2026,Challenger,"WALBERG, TIMOTHY L REP","URBAN, LIBBI DEANN MS"
MI-06,2026,Incumbent,"DINGELL, DEBBIE",
MI-07,2026,Challenger,"BARRETT, THOMAS MORE","BRINK,, BRIDGET"
MI-08,2026,Incumbent,"MCDONALD RIVET, KRISTEN","JUNGE, PAUL"
MI-09,2026,Challenger,"MCCLAIN, LISA","ST MOSLEY, CLINTON"
MI-10,2026,Open,,"HINES, CHRISTINA"
MI-11,2026,Incumbent,"STEVENS, HALEY","STEGER, MIKE"
MI-12,2026,Incumbent,"TLAIB, RASHIDA","HOOPER, JAMES D"
MI-13,2026,Challenger,"BIVINGS, MARTELL DE'ANGELO","MCKINNEY, DONAVAN"
MI-14,2026,Challenger,,"PETERS, GARY"
MN-01,2026,Challenger,"FINSTAD, BRAD","JOHNSON, JACOB"
MN-02,2026,Incumbent,"CRAIG, ANGELA DAWN","KISTNER, TYLER"
MN-03,2026,Incumbent,"MORRISON, KELLY LOUISE","WEILER, TOM"
MN-04,2026,Incumbent,"MCCOLLUM, BETTY","XIONG, PAUL"
MN-05,2026,Incumbent,"OMAR, ILHAN","AL-AQIDI, DALIA"
MN-06,2026,Challenger,"EMMER, THOMAS EARL JR.","CHAPIN, DOUG"
MN-07,2026,Challenger,"FISCHBACH, MICHELLE","OSBERG, ERIK"
MN-08,2026,Challenger,"STAUBER, PETER ALLEN","SWANSON, TRINA"
MO-00,2026,Open,,
MO-01,2026,Incumbent,"BELL, WESLEY",
MO-02,2026,Challenger,"WAGNER, ANN L.","WELLMAN, FREDERICK PAUL"
MO-03,2026,Challenger,"ONDER JR, ROBERT FRANK","MANN, BETHANY"
MO-04,2026,Challenger,"ALFORD, MARK","GRAY, HARTZELL"
MO-05,2026,Incumbent,"CLEAVER II, EMANUEL","SMITH, SEAN"
MO-06,2026,Open,,"LEVINE, MATTHEW"
MO-07,2026,Challenger,"BURLISON, ERIC","HESKETH, MISSI"
MO-08,2026,Challenger,"SMITH, JASON T","BARNITZ, FRANK A"
MP-00,2026,Incumbent,"SABLAN, GREGORIO KILILI CAMACHO REP.",
MP-01,2026,Challenger,"KING-HINDS, KIMBERLYN KAY","PROPST, EDWIN KENNETH"
MS-01,2026,Challenger,"KELLY, JOHN TRENT","JOHNSON, CLIFF"
MS-02,2026,Incumbent,"THOMPSON, BENNIE G.","WILSON, KEVIN"
MS-03,2026,Challenger,"GUEST, MICHAEL PATRICK","CHIARADIO, MICHAEL ALEXIS"
MS-04,2026,Challenger,"EZELL, WALTER MICHAEL","HULUM, JEFFREY III"
MT-00,2026,Open,,"WILLIAMS, KATHLEEN"
MT-01,2026,Open,,"BUSSE, RYAN"
MT-02,2026,Challenger,"DOWNING, TROY","NEILL, REILLY"
NC-01,2026,Incumbent,"DAVIS, DON","ROBERSON, SANDY"
NC-02,2026,Incumbent,"ROSS, DEBORAH","HOLDING, GEORGE E MR."
NC-03,2026,Challenger,"MURPHY, GREGORY FRANCIS DR.","JASLOW, ALLISON"
NC-04,2026,Challenger,"GANORKAR, MAHESH","ALLAM, NIDA"
NC-05,2026,Challenger,"FOXX, VIRGINIA ANN","HUBBARD, CHUCK"
NC-06,2026,Challenger,"MCDOWELL, ADDISON","JEFFERSON, CYRIL"
NC-07,2026,Challenger,"ROUZER, DAVID","HARDY, KIMBERLY DR."
NC-08,2026,Challenger,"HARRIS, MARK E","OPPENHEIM, JESSE"
NC-09,2026,Challenger,"HUDSON, RICHARD L. JR.","OJEDA, RICHARD N."
NC-10,2026,Challenger,"HARRIGAN, PAT","YARFITZ, MIR"
NC-11,2026,Challenger,"EDWARDS, CHUCK","AGER, JAMIE"
NC-12,2026,Incumbent,"ADAMS, ALMA SHEALEY","ALI, ADDUL RAHMAN ELI"
NC-13,2026,Incumbent,"NICKEL, WILEY","BUDD, THEODORE P."
NC-14,2026,Challenger,"MOORE, TIM","CALDWELL, BRENT"
ND-00,2026,Challenger,"CRAMER, KEVIN MR.","HAMMER, TRYGVE"
NE-01,2026,Challenger,"FLOOD, MIKE","BACKEMEYER, CHRISTOPHER"
NE-02,2026,Open,,"POWELL, DENISE"
NE-03,2026,Challenger,"SMITH, ADRIAN","STILLE, BECKY LYNN"
NH-01,2026,Incumbent,"PAPPAS, CHRIS","DILORENZO, ANTHONY"
NH-02,2026,Incumbent,"GOODLANDER, MAGGIE","WILLIAMS, LILY TANG"
NJ-01,2026,Incumbent,"NORCROSS, DONALD W","GALDO, DAMON"
NJ-02,2026,Challenger,"VAN DREW, JEFF MR","WINDER, BAYLY PHILIP CHRISTOPER"
NJ-03,2026,Incumbent,"KIM, ANDY","CULLEN, JASON"
NJ-04,2026,Challenger,"SMITH, CHRISTOPHER H","PEACE, RACHEL"
NJ-05,2026,Incumbent,"GOTTHEIMER, JOSH","GUINCHARD, MARY JO-ANN"
NJ-06,2026,Incumbent,"PALLONE, FRANK JR","HERZIG, HILLARY"
NJ-07,2026,Challenger,"KEAN, THOMAS H. JR.","BENNETT, REBECCA"
NJ-08,2026,Incumbent,"MENENDEZ, ROBERT J.","VALDES, ANTHONY"
NJ-09,2026,Incumbent,"POU, NELIDA","PINO, ROSEMARY"
NJ-10,2026,Incumbent,"MCIVER, LAMONICA","BUCCO, CARMEN"
NJ-11,2026,Challenger,"HATHAWAY, JOE","MALINOWSKI, TOM"
NJ-12,2026,Open,,"HAMAWY, ADAM"
NM-01,2026,Challenger,"OKPAREKE, NDIDIAMAKA","HEINRICH, MARTIN"
NM-02,2026,Incumbent,"VASQUEZ, GABRIEL","CUNNINGHAM, GREG"
NM-03,2026,Incumbent,"LUJAN, BEN R MR.","ZAMORA, MARTIN R"
NV-01,2026,Incumbent,"TITUS, DINA","BUCK, CARRIE"
NV-02,2026,Open,,"KIDD, GREG"
NV-03,2026,Incumbent,"ROSEN, JACKY","O'DONNELL, MARTY"
NV-04,2026,Incumbent,"HORSFORD, STEVEN ALEXZANDER","WHIPPLE, CODY K"
NY-00,2026,Open,,
NY-01,2026,Challenger,"NICK, LALOTA","GALLANT, CHRISTOPHER"
NY-02,2026,Challenger,"GARBARINO, ANDREW","HALPIN, PATRICK"
NY-03,2026,Incumbent,"SUOZZI, THOMAS","HACH, GREGORY"
NY-04,2026,Challenger,"SUBER WILLIAMS, MARVIN","GILLEN, LAURA"
NY-05,2026,Incumbent,"MEEKS, GREGORY W.",
NY-06,2026,Incumbent,"MENG, GRACE","CHOU, JOSEPH"
NY-07,2026,Open,,"VALDEZ, CLAIRE"
NY-08,2026,Incumbent,"JEFFRIES, HAKEEM",
NY-09,2026,Incumbent,"CLARKE, YVETTE D","DEPALIS, JEAN FRITZNER"
NY-10,2026,Incumbent,"GOLDMAN, DANIEL","HAMDAN, BENINE"
NY-11,2026,Challenger,"MALLIOTAKIS, NICOLE","ZIOGAS, ALLISON"
NY-12,2026,Open,,"CONWAY, GEORGE"
NY-13,2026,Incumbent,"ESPAILLAT, ADRIANO",
NY-14,2026,Incumbent,"OCASIO-CORTEZ, ALEXANDRIA","FORTE, TINA"
NY-15,2026,Incumbent,"TORRES, RITCHIE JOHN","FAULKNER , MICHEL"
NY-16,2026,Incumbent,"LATIMER, GEORGE","FLISSER, MIRIAM LEVITT"
NY-17,2026,Challenger,"LAWLER, MICHAEL VINCENT","CHATZKY, PETER"
NY-18,2026,Incumbent,"RYAN, PATRICK","AURINGER, JACKIE MARY"
NY-19,2026,Incumbent,"RILEY, JOSH","OBERACKER, PETER KARL JR"
NY-20,2026,Incumbent,"TONKO, PAUL DAVID","AMBROSIO, RALPH"
NY-21,2026,Open,,"GENDEBIEN, BLAKE"
NY-22,2026,Incumbent,"MANNION, JOHN W","BULLER, KAILEE"
NY-23,2026,Challenger,"LANGWORTHY, NICK","GIES, AARON DR."
NY-24,2026,Challenger,"TENNEY, CLAUDIA","ELLMAN, ALISSA"
NY-25,2026,Incumbent,"MORELLE, JOSEPH D","SADWICK, GREGG ANTHONY MR"
NY-26,2026,Incumbent,"KENNEDY, TIMOTHY",
NY-27,2026,Open,,
NY-29,2026,Challenger,,"LAFALCE, JOHN J"
OH-01,2026,Incumbent,"LANDSMAN, GREG","CONROY, ERIC"
OH-02,2026,Open,,"WESSELS, HERMANN JOSEPH MR. JR"
OH-03,2026,Incumbent,"BEATTY, JOYCE",
OH-04,2026,Challenger,"JORDAN, JAMES D.","KOLASINSKI, JOSHUA"
OH-05,2026,Challenger,"LATTA, ROBERT EDWARD","BURKET, DANIEL"
OH-06,2026,Challenger,"RULLI, MICHAEL","VITUS, ADRIAN J"
OH-07,2026,Challenger,"MILLER, MAX","FITZGERALD, EDWARD O'DONNELL"
OH-08,2026,Challenger,"DAVIDSON, WARREN","GRANT, MADARIS"
OH-09,2026,Incumbent,"KAPTUR, MARCY HON. M.C.","WILLIAMS, JOSH"
OH-10,2026,Challenger,"TURNER, MICHAEL R REP.","KNICKERBOCKER, KRISTINA"
OH-11,2026,Incumbent,"BROWN, M SHONTEL","SCHULZ, JONAH"
OH-12,2026,Open,,"MILLER, ADAM CLAY"
OH-13,2026,Incumbent,"SYKES, EMILIA","PATEL, NIRANJAN NEIL MR"
OH-14,2026,Challenger,"JOYCE, DAVID P.","JUKIC, MARIA"
OH-15,2026,Challenger,"CAREY, MIKE","MILLER, ADAM CLAY"
OH-16,2026,Open,,
OK-01,2026,Open,,"CROISANT, JOHN THOMAS"
OK-02,2026,Challenger,"MULLIN, MARKWAYNE MR.","BOREN, DAVID DANIEL"
OK-03,2026,Challenger,"LUCAS, FRANK D.","ROBERSON, JULES"
OK-04,2026,Challenger,"COLE, TOM","JACOB, MITCHELL LEIGH"
OK-05,2026,Challenger,"BICE, STEPHANIE","NELSON, JENA"
OR-01,2026,Incumbent,"BONAMICI, SUZANNE MS.","KAHL, BARBARA J DR DVM"
OR-02,2026,Challenger,"BENTZ, CLIFF","RASMUSSEN, DAWN"
OR-03,2026,Incumbent,"DEXTER, MAXINE","HARBOUR, JOANNA"
OR-04,2026,Incumbent,"HOYLE, VALERIE","DESPAIN, MONIQUE"
OR-05,2026,Incumbent,"BYNUM, JANELLE","CHAVEZ-DEREMER, LORI"
OR-06,2026,Incumbent,"SALINAS, ANDREA","ERICKSON, MIKE"
PA-00,2026,Open,,
PA-01,2026,Challenger,"FITZPATRICK, BRIAN","HARVIE, ROBERT J"
PA-02,2026,Incumbent,"BOYLE, BRENDAN F","BASHIR, AARON"
PA-03,2026,Open,,"STREET, SHARIF"
PA-04,2026,Incumbent,"DEAN, MADELEINE","AYOUAZ, ISMAINE MR"
PA-05,2026,Incumbent,"SCANLON, MARY GAY","DEVAUGHN-GOODWIN, ALFEIA"
PA-06,2026,Incumbent,"HOULAHAN, CHRISSY","YOUNG, MARTIN"
PA-07,2026,Challenger,"MACKENZIE, RYAN EDWARD","CROSSWELL, RYAN"
PA-08,2026,Challenger,"BRESNAHAN, ROB","COGNETTI, PAIGE"
PA-09,2026,Challenger,"MEUSER, DANIEL","WALLACE, RACHEL"
PA-10,2026,Challenger,"PERRY, SCOTT","STELSON, JANELLE"
PA-11,2026,Challenger,"SMUCKER, LLOYD K.","MANNION, NANCY"
PA-12,2026,Incumbent,"LEE, SUMMER","HAYES, JAMES DR."
PA-13,2026,Challenger,"JOYCE, JOHN","FARNHAM, ELIZABETH RHOADS"
PA-14,2026,Challenger,"RESCHENTHALER, GUY MR.","BRADSTOCK, DAVID ALAN"
PA-15,2026,Challenger,"THOMPSON, GLENN MR.","BILGER, RAYMOND ALLEN"
PA-16,2026,Challenger,"KELLY, GEORGE J JR","NOURI, PRESTON"
PA-17,2026,Incumbent,"DELUZIO, CHRISTOPHER","GUY, TONY"
PR-00,2026,Incumbent,"HERNANDEZ RIVERA, PABLO JOSE","MELENDEZ, JOSE E"
RI-01,2026,Incumbent,"AMO, GABRIEL F","WATERS, ALLEN"
RI-02,2026,Incumbent,"MAGAZINER, SETH","MELLOR, VICTOR G."
SC-01,2026,Open,,"LACORE, NANCY"
SC-02,2026,Challenger,"WILSON, JOE THE HON.","PRUITT, ROGER KEITH"
SC-03,2026,Challenger,"BIGGS, SHERI","LEHMACHER, EUNICE"
SC-04,2026,Challenger,"TIMMONS, WILLIAM R IV","MCCLAIN, COURTNEY"
SC-05,2026,Open,,"DITTMER, MALLORY"
SC-06,2026,Incumbent,"CLYBURN, JAMES E","BUCKNER, DUKE"
SC-07,2026,Challenger,"FRY, RUSSELL","VINCENT, JOHN GREGORY"
SD-00,2026,Open,,"GRONLI, NICOLE"
TN-01,2026,Challenger,"HARSHBARGER, DIANA","BURKE, KRISTI"
TN-02,2026,Challenger,"BURCHETT, TIM","BARNETT, MICHAELA"
TN-03,2026,Challenger,"FLEISCHMANN, CHARLES J","GOLLADAY, ANNA"
TN-04,2026,Challenger,"DESJARLAIS, SCOTT HON.","CORTESE, MIKE"
TN-05,2026,Challenger,"OGLES, ANDY","MOLDER, CHAZ"
TN-06,2026,Incumbent,"GORDON, BART","ROSE, JOHN W."
TN-07,2026,Open,,"COPELAND, DARDEN HUNTER"
TN-08,2026,Challenger,"KUSTOFF, DAVID","FREEMAN, SARAH"
TN-09,2026,Challenger,"BERGMANN, CHARLOTTE","PEARSON, JUSTIN J."
TX-01,2026,Challenger,"MORAN, NATHANIEL QUENTIN","RAY, MASIKA AKILAH"
TX-02,2026,Challenger,"CRENSHAW, DANIEL","FINNIE, SHAUN"
TX-03,2026,Challenger,"SELF, KEITH ALAN","SRIVASTAVA, SANDEEP KUMAR"
TX-04,2026,Challenger,"DANIELS, SHOLDON MR.","PEARCE, JASON"
TX-05,2026,Challenger,"GOODEN, LANCE","TORRES, RUTH MS."
TX-06,2026,Challenger,"ELLZEY, JOHN KEVIN SR.","MINTON, DANNY"
TX-07,2026,Incumbent,"FLETCHER, ELIZABETH","KALAI, ALEXANDER ZACHARY"
TX-08,2026,Open,,"COLEMAN, KEITH"
TX-09,2026,Challenger,"MEALER, ALEXANDRA","VIRTS, TERRY"
TX-10,2026,Challenger,"GOBER, CHRIS","ROURK, CAITLIN MCCLAY"
TX-11,2026,Challenger,"PFLUGER, AUGUST LEE II","REYNOLDS, CLAIRE ANNE"
TX-12,2026,Challenger,"GOLDMAN, CRAIG","MORGAN-AGUILERA, KENNETH"
TX-13,2026,Challenger,"JACKSON, RONNY LYNN","NAIR, MARK"
TX-14,2026,Challenger,"WEBER, RANDY","DAVIS, RICHARD HARVEY III"
TX-15,2026,Challenger,"DE LA CRUZ, MONICA","CUELLAR, ADA"
TX-16,2026,Incumbent,"ESCOBAR, VERONICA","MONTANEZ BERRIOS (DMB), DELIRIS"
TX-17,2026,Challenger,"SESSIONS, PETE","MITCHELL, JAMES GORDON"
TX-18,2026,Challenger,"BERRY, ALLEN D DR","MENEFEE, CHRISTIAN"
TX-19,2026,Open,,"RABLE, KYLE"
TX-20,2026,Incumbent,"CASTRO, JOAQUIN","BAEZ, EDGARDO RAFAEL DR"
TX-21,2026,Open,,"HOOK, KRISTIN A DR."
TX-22,2026,Open,,"GREENE-SCOTT, MARQUETTE"
TX-23,2026,Open,,"ENCK, GRETEL MARYSDATTER"
TX-24,2026,Challenger,"VAN DUYNE, ELIZABETH ANN","BUCHWALD, JON"
TX-25,2026,Challenger,"WILLIAMS, ROGER","MARKS, WILLIAM JAMES"
TX-26,2026,Challenger,"GILL, BRANDON","LINEBERGER, ERNEST ROBINSON III"
TX-27,2026,Challenger,"CLOUD, MICHAEL","LLOYD, TANYA W"
TX-28,2026,Incumbent,"CUELLAR, HENRY R.","TIJERINA, TANO"
TX-29,2026,Incumbent,"GARCIA, SYLVIA R","FIERRO, MARTHA ELENA,"
TX-30,2026,Incumbent,"CROCKETT, JASMINE","DANIELS, SHOLDON"
TX-31,2026,Challenger,"CARTER, JOHN R REP.","WHITLOW, STUART NORMAN MR."
TX-32,2026,Challenger,"BINKLEY, RYAN","CORNWALLIS, ALEX"
TX-33,2026,Open,,"ALLRED, COLIN"
TX-34,2026,Incumbent,"GONZALEZ, VICENTE","FLORES, ERIC"
TX-35,2026,Challenger,"LUJAN, JOHN","GARCIA, JOHNNY"
TX-36,2026,Challenger,"BABIN, BRIAN","ROGERS, DOUG"
TX-37,2026,Open,,"CASAR, GREG"
TX-38,2026,Open,,"HUNTER, MARVALETTE"
UT-01,2026,Challenger,"OWEN, RILEY MONTGOMERY","MCADAMS, BEN"
UT-02,2026,Challenger,"MOORE, BLAKE","MERRILL, STEVEN"
UT-03,2026,Challenger,"MALOY, CELESTE","MERRILL, STEVEN"
UT-04,2026,Open,,"LARSEN, JONATHAN"
VA-01,2026,Challenger,"WITTMAN, ROBERT J. MR.","TAYLOR, SHANNON LEIGH"
VA-02,2026,Challenger,"KIGGANS, JENNIFER","LURIA, ELAINE"
VA-03,2026,Incumbent,"SCOTT, ROBERT C","NAMKUNG, TERRY TOLBERT MR."
VA-04,2026,Incumbent,"MCCLELLAN, JENNIFER","MOHER, WILLIAM"
VA-05,2026,Challenger,"MCGUIRE, JOHN","PRUITT, MIKE"
VA-06,2026,Challenger,"CLINE, BENJAMIN LEE","MACY, BETH"
VA-07,2026,Incumbent,"VINDMAN, YEVGENY 'EUGENE'","DURANT, TARA ANNE"
VA-08,2026,Incumbent,"BEYER, DONALD STERNOFF JR.","KIM, HEERAK CHRISTIAN DR."
VA-09,2026,Challenger,"GRIFFITH, H MORGAN","POWERS, JOY"
VA-10,2026,Incumbent,"SUBRAMANYAM, SUHAS","CAO, HUNG"
VA-11,2026,Incumbent,"CONNOLLY, GERALD EDWARD","WHITSON, STEWART"
VI-00,2026,Incumbent,"PLASKETT, STACEY",
VT-00,2026,Incumbent,"BALINT, REBECCA 'BECCA'","COESTER, C. MARK MR"
WA-01,2026,Incumbent,"DELBENE, SUZAN K","CAVALERI, VINCENT"
WA-02,2026,Incumbent,"LARSEN, RICK",
WA-03,2026,Incumbent,"GLUESENKAMP PEREZ, MARIE","BRAUN, JOHN"
WA-04,2026,Open,,"DURESKY, JOHN"
WA-05,2026,Challenger,"BAUMGARTNER, MICHAEL JAMES","CONROY, CARMELA"
WA-06,2026,Incumbent,"RANDALL, EMILY","KREISELMAIER, ELIZABETH"
WA-07,2026,Incumbent,"JAYAPAL, PRAMILA","MOON, CLIFFORD E"
WA-08,2026,Incumbent,"SCHRIER, KIM DR.","CARMEN, GOERS"
WA-09,2026,Incumbent,"SMITH, D. ADAM","BASLER, DOUGLAS MICHAEL"
WA-10,2026,Incumbent,"STRICKLAND, MARILYN",
WI-01,2026,Challenger,"STEIL, BRYAN GEORGE","BERMAN, MITCHELL"
WI-02,2026,Incumbent,"POCAN, MARK","BARRY, CHARITY"
WI-03,2026,Challenger,"VAN ORDEN, DERRICK F. MR.","COOKE, REBECCA"
WI-04,2026,Incumbent,"MOORE, GWEN S","NATH, PURNIMA"
WI-05,2026,Challenger,"FITZGERALD, SCOTT","STEINHOFF, BEN"
WI-06,2026,Challenger,"GROTHMAN, GLENN S.","WOJCIECHOWSKI, AARON MICHAEL"
WI-07,2026,Open,,"CLARK, FREDERIC"
WI-08,2026,Challenger,"WIED, TONY","SCHEFFLER, MARK CHRISTOPHER"
WV-01,2026,Challenger,"EVANS, JONATHAN DERRICK","AGUIRRE, BRITTA"
WV-02,2026,Challenger,"MOORE, RILEY","PARSI, AHSAN"
WV-03,2026,Open,,
WY-00,2026,Challenger,"HAGEMAN, HARRIET","GREYBULL, LYNNETTE"
